Name,Description,Assignee,Start Date,Due Date,Tags,Completed
"Phase 1: Project Foundation & Infrastructure:","","","","","",""
"Set up Next.js 15 project with App Router","Initialize Next.js 15 project with TypeScript strict mode, configure App Router for server components","","01/01/2024","01/03/2024","infrastructure,setup",Yes
"Configure TypeScript with strict mode","Enable strict TypeScript configuration, set up ts-reset for enhanced type safety","","01/01/2024","01/02/2024","infrastructure,typescript",Yes
"Set up Tailwind CSS and design system","Install Tailwind CSS, configure custom theme with dark mode support, set up CSS variables","","01/02/2024","01/03/2024","infrastructure,styling",Yes
"Install and configure shadcn/ui components","Install shadcn/ui CLI, add all required components (Button, Dialog, Dropdown, Form, Input, Modal, Sheet, Tabs, Toast, etc.)","","01/03/2024","01/05/2024","infrastructure,ui",Yes
"Set up Prisma ORM with PostgreSQL","Install Prisma, configure database connection, set up initial schema structure","","01/03/2024","01/05/2024","infrastructure,database",Yes
"Configure ESLint and Prettier","Set up eslint-config-vercel, configure Prettier for code formatting, add pre-commit hooks","","01/04/2024","01/05/2024","infrastructure,tooling",Yes
"Set up Bun as default runtime","Configure Bun for package management and development, update scripts","","01/04/2024","01/05/2024","infrastructure,tooling",Yes
"Configure environment variables with Zod validation","Create env.ts with Zod schemas for type-safe environment variable validation","","01/05/2024","01/06/2024","infrastructure,security",Yes
"Set up Redis client for caching","Install Redis client, configure connection pooling, set up rate limiting infrastructure","","01/06/2024","01/08/2024","infrastructure,caching",Yes
"Configure Sentry for error tracking","Install Sentry SDK, configure error boundaries, set up source maps upload","","01/07/2024","01/09/2024","infrastructure,observability",Yes
"Set up OpenTelemetry for tracing","Configure OpenTelemetry instrumentation, set up trace context propagation","","01/08/2024","01/10/2024","infrastructure,observability",Yes
"Phase 2: Database Schema Design:","","","","","",""
"Design User and Authentication models","Create User model with wallet address as primary identifier, handle username uniqueness, profile data","","01/10/2024","01/12/2024","database,schema",Yes
"Design Project and Collection models","Create Project model for creator projects, Collection model for ERC721 contracts with metadata","","01/11/2024","01/14/2024","database,schema",Yes
"Design NFT and Trait models","Create Nft model with metadata, NftTrait for individual traits, CollectionTrait and CollectionTraitValue for schema","","01/13/2024","01/16/2024","database,schema",Yes
"Design Marketplace models","Create MarketplaceListing for sales/auctions, MarketplaceOffer for bids/offers, CollectionPriceSnapshot for history","","01/15/2024","01/18/2024","database,schema",Yes
"Design P2P Trade models","Create Trade, TradeItem, TradeMessage, TradeHistory models for peer-to-peer trading system","","01/17/2024","01/20/2024","database,schema",Yes
"Design Lootbox models","Create Lootbox, LootboxReward, LootboxOpening, LootboxOpeningReward, UserLootboxStats, LootboxActivityFeed, LootboxLeaderboard models","","01/19/2024","01/23/2024","database,schema",Yes
"Design Gaming and Tournament models","Create Game, Tournament, TournamentBracket, TournamentParticipant, Match, PlayerStats models","","01/22/2024","01/26/2024","database,schema",Yes
"Design Museum and Legend models","Create Legend, LegendChapter, LegendArtifact, LegendTimelineEvent, LegendQuote, LegendAchievement, UserLegendProgress models","","01/25/2024","01/29/2024","database,schema",Yes
"Design Hype Network models","Create HypeAgent, AffiliateCampaign, AffiliateLink, AffiliateLinkClick, AffiliateCommission, AffiliateChallenge, AgentAchievement, AgentLeaderboard models","","01/28/2024","02/02/2024","database,schema",Yes
"Design Activity and Notification models","Create Activity, Notification, NotificationPreference models for user engagement tracking","","01/31/2024","02/03/2024","database,schema",Yes
"Design Search and Discovery models","Create SearchIndex for full-text search, UserPreference, UserSuggestion, GlobalSuggestion models","","02/02/2024","02/05/2024","database,schema",Yes
"Design Lists and Watchlist models","Create UserList, ListItem models for custom user lists and watchlists","","02/04/2024","02/06/2024","database,schema",Yes
"Design Social models","Create UserFollow for follow relationships, UserSocial for social media links, CreatorApplication for onboarding","","02/05/2024","02/08/2024","database,schema",Yes
"Create database migrations and seed scripts","Generate Prisma migrations, create seed scripts for test data, validate schema integrity","","02/07/2024","02/10/2024","database,migrations",Yes
"Phase 3: Authentication & Wallet Integration:","","","","","",""
"Integrate Thirdweb v5 SDK","Install Thirdweb v5, configure client with API keys, set up chain configuration for Sepolia","","02/10/2024","02/13/2024","auth,blockchain",Yes
"Implement SIWE (Sign-In With Ethereum)","Create SIWE flow with message generation, signature verification, session creation","","02/12/2024","02/16/2024","auth,security",Yes
"Create authentication API routes","Build /api/auth/login, /api/auth/verify, /api/auth/connect, /api/auth/logout endpoints","","02/14/2024","02/18/2024","auth,api",Yes
"Implement iron-session for session management","Configure iron-session with secure cookies, implement session encryption and validation","","02/16/2024","02/19/2024","auth,security",Yes
"Build AuthContext provider","Create React context for authentication state, implement useAuth hook with wallet binding","","02/18/2024","02/21/2024","auth,frontend",Yes
"Create AuthenticatedConnectButton component","Build wallet connection button with Thirdweb modal, handle connection states and errors","","02/20/2024","02/23/2024","auth,ui",Yes
"Implement rate limiting for auth endpoints","Configure rate-limiter-flexible with Redis, add per-wallet and IP-based limits","","02/22/2024","02/25/2024","auth,security",Yes
"Add useWalletAuth hook with caching","Create optimized hook for wallet auth with localStorage caching and automatic refresh","","02/24/2024","02/27/2024","auth,hooks",Yes
"Implement useWalletAuthOptimized hook","Build enhanced auth hook with connection state management and error recovery","","02/26/2024","02/28/2024","auth,hooks",Yes
"Phase 4: Core Layout Architecture:","","","","","",""
"Design persistent background system","Architect PersistentBackground component with route-aware zoom/blur effects","","02/28/2024","03/03/2024","layout,architecture",Yes
"Implement BackgroundCarouselContext","Create context for background state management with video/image detection","","03/01/2024","03/04/2024","layout,context",Yes
"Build PersistentBackground component","Implement fixed background with route-specific scale and blur transitions, video optimization","","03/03/2024","03/08/2024","layout,component",Yes
"Create LayoutWrapper with progressive UI","Build intelligent wrapper that shows/hides UI elements based on route and auth state","","03/06/2024","03/12/2024","layout,component",Yes
"Implement AnimatedHeader component","Create top navigation with route awareness, smooth animations via AnimatePresence","","03/10/2024","03/14/2024","layout,animation",Yes
"Implement AnimatedFooter component","Build bottom navigation with visibility controls and smooth transitions","","03/12/2024","03/15/2024","layout,animation",Yes
"Implement AnimatedSidebar (left)","Create left sidebar with collections, navigation links, route-specific content","","03/14/2024","03/18/2024","layout,animation",Yes
"Implement RightAnimatedSidebar","Build right sidebar for P2P trading context with trade details","","03/16/2024","03/20/2024","layout,animation",Yes
"Create AppNavigationContext","Implement navigation state management with route history and depth tracking","","03/18/2024","03/21/2024","layout,context",Yes
"Add route-specific background effects","Configure scale/blur for each route: home (none), trade (sm), p2p (lg), lootbox (overlay)","","03/20/2024","03/23/2024","layout,styling",Yes
"Implement z-index hierarchy","Establish z-index layers: background (0), content (10), sidebars (40), header (50)","","03/22/2024","03/24/2024","layout,styling",Yes
"Add responsive sidebar hiding","Implement automatic sidebar hiding on mobile (<768px) for optimal experience","","03/23/2024","03/26/2024","layout,responsive",Yes
"Phase 5: Marketplace Core System:","","","","","",""
"Integrate Thirdweb Marketplace contract","Connect to deployed marketplace contract, set up contract read/write utilities","","03/26/2024","03/30/2024","marketplace,blockchain",Yes
"Create marketplace.ts utility library","Build 1,537-line utility for all marketplace operations with Thirdweb v5","","03/28/2024","04/05/2024","marketplace,library",Yes
"Implement direct listing creation","Build createDirectListing function with Zod validation, metadata handling","","04/02/2024","04/06/2024","marketplace,feature",Yes
"Implement listing cancellation","Create cancelListing function with ownership verification","","04/04/2024","04/07/2024","marketplace,feature",Yes
"Implement listing purchase flow","Build buyFromListing with transaction handling, database sync","","04/06/2024","04/10/2024","marketplace,feature",Yes
"Create POST /api/marketplace/listings","Build API route for listing creation with auth and validation","","04/08/2024","04/11/2024","marketplace,api",Yes
"Create DELETE /api/marketplace/listings/[id]","Build cancellation endpoint with ownership checks","","04/10/2024","04/12/2024","marketplace,api",Yes
"Create POST /api/marketplace/purchase","Build purchase endpoint with transaction verification","","04/11/2024","04/14/2024","marketplace,api",Yes
"Implement auction creation","Build createAuction function for English auctions with minimum bids","","04/13/2024","04/17/2024","marketplace,feature",Yes
"Implement auction bidding","Create placeBid function with bid validation and outbid handling","","04/15/2024","04/19/2024","marketplace,feature",Yes
"Implement auction buyout","Build buyoutAuction for immediate purchase at buyout price","","04/17/2024","04/20/2024","marketplace,feature",Yes
"Implement auction settlement","Create settleAuction for winner determination and transfer","","04/19/2024","04/23/2024","marketplace,feature",Yes
"Create POST /api/marketplace/auctions","Build auction creation endpoint","","04/21/2024","04/24/2024","marketplace,api",Yes
"Create POST /api/marketplace/auctions/[id]/bid","Build bidding endpoint with validation","","04/23/2024","04/26/2024","marketplace,api",Yes
"Create POST /api/marketplace/auctions/[id]/settle","Build settlement endpoint","","04/25/2024","04/28/2024","marketplace,api",Yes
"Implement offer creation","Build makeOffer for individual NFT offers with expiration","","04/27/2024","05/01/2024","marketplace,feature",Yes
"Implement collection-wide offers","Create collection offers using MAX_UINT256 token ID pattern","","04/29/2024","05/03/2024","marketplace,feature",Yes
"Implement offer acceptance","Build acceptOffer with ownership verification and transfer","","05/01/2024","05/05/2024","marketplace,feature",Yes
"Implement offer cancellation","Create cancelOffer for offer withdrawal","","05/03/2024","05/06/2024","marketplace,feature",Yes
"Create POST /api/marketplace/offers","Build offer creation endpoint","","05/05/2024","05/08/2024","marketplace,api",Yes
"Create POST /api/marketplace/offers/[id]/accept","Build acceptance endpoint","","05/07/2024","05/10/2024","marketplace,api",Yes
"Implement sweep floor functionality","Build sweepFloor for bulk floor purchases with cart","","05/09/2024","05/14/2024","marketplace,feature",Yes
"Create POST /api/marketplace/sweep","Build sweep endpoint with multi-purchase handling","","05/12/2024","05/16/2024","marketplace,api",Yes
"Create GET /api/marketplace/trending","Build trending collections endpoint with volume metrics","","05/14/2024","05/17/2024","marketplace,api",Yes
"Create GET /api/marketplace/top-seller","Build top seller leaderboard endpoint","","05/16/2024","05/19/2024","marketplace,api",Yes
"Phase 6: Collection & NFT System:","","","","","",""
"Create Collection page structure","Build /app/collection/[slug]/page.tsx with tab navigation","","05/19/2024","05/23/2024","collection,page",Yes
"Implement CollectionDetailPage component","Create main collection view orchestrating all tabs and data","","05/21/2024","05/26/2024","collection,component",Yes
"Build CollectionHero component","Create hero section with banner, stats, description, social links","","05/24/2024","05/28/2024","collection,component",Yes
"Implement ItemsTab with grid view","Build NFT grid with filtering, sorting, infinite scroll","","05/26/2024","05/31/2024","collection,component",Yes
"Implement ActivityTab with feed","Create activity feed showing sales, listings, transfers in real-time","","05/29/2024","06/03/2024","collection,component",Yes
"Implement AnalyticsTab with charts","Build analytics dashboard with price charts, volume graphs","","06/01/2024","06/06/2024","collection,component",Yes
"Implement HoldersTab","Create holder distribution view with top holders list","","06/04/2024","06/08/2024","collection,component",Yes
"Implement OverviewTab","Build overview with description, traits distribution, key metrics","","06/06/2024","06/10/2024","collection,component",Yes
"Build ItemCard component","Create NFT card with image, price, rarity, quick actions","","06/08/2024","06/12/2024","nft,component",Yes
"Create NftDetailModal","Build comprehensive NFT detail modal with tabs and trading options","","06/10/2024","06/16/2024","nft,component",Yes
"Implement NFT transaction panel","Create trading panel with buy, offer, list, auction options","","06/13/2024","06/18/2024","nft,component",Yes
"Build BuyDialog component","Create purchase confirmation dialog with price and gas estimation","","06/16/2024","06/20/2024","nft,component",Yes
"Build OfferDialog component","Create offer submission dialog with amount and expiration","","06/18/2024","06/22/2024","nft,component",Yes
"Build SweepFloorDialog component","Create sweep interface with floor items selection and total","","06/20/2024","06/25/2024","marketplace,component",Yes
"Implement NFT provenance tracking","Build provenance panel showing ownership history and transfers","","06/23/2024","06/27/2024","nft,component",Yes
"Create collection offers panel","Build UI for viewing and accepting collection-wide offers","","06/25/2024","06/29/2024","collection,component",Yes
"Implement NFT offers panel","Create panel for managing offers on individual NFTs","","06/27/2024","07/01/2024","nft,component",Yes
"Create GET /api/public/collections","Build public collections listing endpoint","","06/29/2024","07/02/2024","collection,api",Yes
"Create GET /api/public/collections/[id]","Build individual collection details endpoint","","07/01/2024","07/04/2024","collection,api",Yes
"Create GET /api/collections/featured","Build featured collections endpoint","","07/03/2024","07/05/2024","collection,api",Yes
"Create GET /api/collections/[id]/activity/stream","Build activity stream with SSE support","","07/05/2024","07/09/2024","collection,api",Yes
"Create GET /api/marketplace/collection/[id]/nfts","Build NFT listing for collection with filters","","07/07/2024","07/11/2024","collection,api",Yes
"Phase 7: P2P Trading System:","","","","","",""
"Design P2P trade escrow architecture","Plan escrow contract pattern with factory deployment, deposit/release flow","","07/11/2024","07/15/2024","p2p,architecture",Yes
"Deploy Trade Escrow Factory contract","Deploy factory contract to Sepolia for creating trade escrows","","07/14/2024","07/18/2024","p2p,blockchain",Yes
"Deploy Trade Escrow Implementation","Deploy implementation contract for escrow logic","","07/16/2024","07/19/2024","p2p,blockchain",Yes
"Create p2p-contracts.ts utility","Build library for P2P contract interactions with Thirdweb v5","","07/18/2024","07/23/2024","p2p,library",Yes
"Implement P2PTradingContext","Create context for trade state management across P2P pages","","07/21/2024","07/25/2024","p2p,context",Yes
"Implement P2PSelectionFlowContext","Create context for NFT selection flow during trade construction","","07/23/2024","07/27/2024","p2p,context",Yes
"Build /app/p2p trade board page","Create main P2P landing with active trades list","","07/25/2024","07/30/2024","p2p,page",Yes
"Build /app/p2p/collections/[id] page","Create collection view optimized for P2P trading","","07/28/2024","08/02/2024","p2p,page",Yes
"Build /app/p2p/select-offer-nfts page","Create NFT selection page for user's offer","","07/31/2024","08/04/2024","p2p,page",Yes
"Build /app/p2p/select-trader-nfts/[address] page","Create page for selecting specific trader's NFTs","","08/02/2024","08/06/2024","p2p,page",Yes
"Build /app/p2p/board/review page","Create trade review and settlement page","","08/04/2024","08/08/2024","p2p,page",Yes
"Implement EnhancedTradeConstructor component","Build comprehensive trade builder with side-by-side NFT selection","","08/06/2024","08/13/2024","p2p,component",Yes
"Implement TradeDetailModal component","Create modal for viewing trade details and messaging","","08/10/2024","08/15/2024","p2p,component",Yes
"Implement TradeHistoryPanel component","Build historical trades viewer with filters","","08/13/2024","08/17/2024","p2p,component",Yes
"Implement TraderSelectionSheet component","Create bottom sheet for searching and selecting traders","","08/15/2024","08/19/2024","p2p,component",Yes
"Implement IntegratedTradeHistory component","Build activity log for trade status changes","","08/17/2024","08/21/2024","p2p,component",Yes
"Build trade messaging system","Create real-time chat with trade context, system messages","","08/19/2024","08/24/2024","p2p,feature",Yes
"Implement trade fairness scoring","Build algorithm to assess trade balance and fairness","","08/22/2024","08/26/2024","p2p,feature",Yes
"Create GET/POST /api/p2p/trades","Build trade CRUD endpoints with status management","","08/24/2024","08/28/2024","p2p,api",Yes
"Create GET/PATCH /api/p2p/trades/[id]","Build individual trade endpoint with updates","","08/26/2024","08/29/2024","p2p,api",Yes
"Create POST /api/p2p/trades/[id]/deposit","Build escrow deposit endpoint","","08/28/2024","08/31/2024","p2p,api",Yes
"Create POST /api/p2p/trades/[id]/finalize","Build trade completion endpoint","","08/30/2024","09/02/2024","p2p,api",Yes
"Create POST /api/p2p/trades/[id]/mazal","Build 'Mazal Tov' celebration endpoint for completion","","09/01/2024","09/03/2024","p2p,api",Yes
"Create GET/POST /api/p2p/messages","Build messaging endpoints for trades","","09/03/2024","09/06/2024","p2p,api",Yes
"Create GET /api/p2p/conversations","Build conversation listing endpoint","","09/05/2024","09/08/2024","p2p,api",Yes
"Create GET/POST /api/p2p/traders","Build trader directory endpoints","","09/07/2024","09/10/2024","p2p,api",Yes
"Create GET/POST /api/p2p/search-items","Build item search for trade construction","","09/09/2024","09/12/2024","p2p,api",Yes
"Phase 8: Lootbox System with Chainlink VRF:","","","","","",""
"Design Lootbox smart contract architecture","Plan VRF integration, reward distribution, rarity system","","09/12/2024","09/17/2024","lootbox,architecture",Yes
"Write LootboxVRF.sol smart contract","Implement Solidity contract with ERC721/ERC1155 support, Chainlink VRF v2.5","","09/15/2024","09/25/2024","lootbox,solidity",Yes
"Implement weighted reward distribution","Build probability system with customizable weights per rarity tier","","09/20/2024","09/25/2024","lootbox,feature",Yes
"Implement rarity tiers (Common to Cosmic)","Define rarity levels: Common, Rare, Epic, Mythic, Cosmic with visual indicators","","09/23/2024","09/27/2024","lootbox,feature",Yes
"Deploy LootboxVRF to Sepolia","Deploy contract with VRF subscription configuration","","09/26/2024","09/29/2024","lootbox,blockchain",Yes
"Create lootbox-contracts.ts utility","Build 817-line library for lootbox contract interactions","","09/28/2024","10/05/2024","lootbox,library",Yes
"Create lootbox-utils.ts helpers","Build utility functions for lootbox UI and calculations","","10/02/2024","10/06/2024","lootbox,library",Yes
"Implement lootbox creation flow","Build creator interface for setting up lootboxes with pricing and supply","","10/04/2024","10/10/2024","lootbox,feature",Yes
"Implement reward deposit system","Create interface for depositing ERC721/ERC1155 rewards with rarity assignment","","10/07/2024","10/12/2024","lootbox,feature",Yes
"Implement lootbox activation","Build activation flow for making lootboxes purchasable","","10/10/2024","10/13/2024","lootbox,feature",Yes
"Build /app/lootboxes page","Create main lootbox browse and purchase page","","10/12/2024","10/17/2024","lootbox,page",Yes
"Build /app/lootboxes/[id] page","Create individual lootbox detail page","","10/15/2024","10/20/2024","lootbox,page",Yes
"Build /app/lootboxes/reveal page","Create reveal animation page for opened lootboxes","","10/18/2024","10/24/2024","lootbox,page",Yes
"Implement LootboxDetailModal component","Build purchase and info modal for lootboxes","","10/21/2024","10/26/2024","lootbox,component",Yes
"Implement reveal animation system","Build progressive reveal animations with suspense and excitement","","10/24/2024","10/31/2024","lootbox,animation",Yes
"Implement LiveDropsMarquee component","Create real-time feed showing recent lootbox wins","","10/28/2024","11/02/2024","lootbox,component",Yes
"Build useLootboxOpen hook","Create hook managing lootbox opening flow and VRF callback","","10/31/2024","11/05/2024","lootbox,hook",Yes
"Build useLootboxFeed hook","Create hook for real-time activity feed subscriptions","","11/03/2024","11/07/2024","lootbox,hook",Yes
"Build useLootboxSounds hook","Create hook for sound effects during opening and reveal","","11/05/2024","11/08/2024","lootbox,hook",Yes
"Create GET/POST /api/lootboxes","Build lootbox CRUD endpoints","","11/07/2024","11/11/2024","lootbox,api",Yes
"Create GET/PATCH /api/lootboxes/[id]","Build individual lootbox endpoints","","11/09/2024","11/12/2024","lootbox,api",Yes
"Create POST /api/lootboxes/[id]/open","Build opening endpoint triggering VRF request","","11/11/2024","11/15/2024","lootbox,api",Yes
"Create GET /api/lootboxes/feed","Build activity feed endpoint with SSE","","11/13/2024","11/16/2024","lootbox,api",Yes
"Implement VRF callback handling","Build webhook handler for Chainlink VRF fulfillment events","","11/15/2024","11/20/2024","lootbox,blockchain",Yes
"Build leaderboard system","Create daily/weekly/all-time rankings for lootbox opens","","11/18/2024","11/23/2024","lootbox,feature",Yes
"Implement free box rewards","Build system for earned free boxes via referrals/achievements","","11/21/2024","11/25/2024","lootbox,feature",Yes
"Phase 9: Studio Creator Tools:","","","","","",""
"Design Studio architecture","Plan creator workflow, collection deployment, NFT minting flow","","11/25/2024","11/29/2024","studio,architecture",Yes
"Implement StudioContext provider","Create context for studio data management and state","","11/27/2024","11/30/2024","studio,context",Yes
"Build useStudioData hook","Create hook for fetching and managing studio projects/collections","","11/29/2024","12/03/2024","studio,hook",Yes
"Build /app/studio landing page","Create studio dashboard with overview and quick actions","","12/01/2024","12/05/2024","studio,page",Yes
"Build /app/studio/dashboard page","Create main creator dashboard with analytics","","12/03/2024","12/07/2024","studio,page",Yes
"Build /app/studio/projects page","Create project management interface","","12/05/2024","12/09/2024","studio,page",Yes
"Build /app/studio/collections page","Create collection management with deployment status","","12/07/2024","12/11/2024","studio,page",Yes
"Build /app/studio/collections/[id] page","Create individual collection management with traits","","12/09/2024","12/14/2024","studio,page",Yes
"Build /app/studio/nfts page","Create NFT inventory and creation interface","","12/11/2024","12/15/2024","studio,page",Yes
"Build /app/studio/settings page","Create studio settings and preferences","","12/13/2024","12/16/2024","studio,page",Yes
"Build /app/studio/activity page","Create activity log for studio actions","","12/15/2024","12/18/2024","studio,page",Yes
"Build /app/studio/analytics page","Create analytics dashboard for collections","","12/17/2024","12/21/2024","studio,page",Yes
"Build /app/studio/lootbox page","Create lootbox creation wizard","","12/19/2024","12/24/2024","studio,page",Yes
"Implement StudioDashboard component","Build main dashboard with stats and recent activity","","12/22/2024","12/27/2024","studio,component",Yes
"Implement CreateProjectDialog component","Build project creation flow with validation","","12/25/2024","12/29/2024","studio,component",Yes
"Implement CreateCollectionDialog component","Build collection deployment dialog with Thirdweb integration","","12/27/2024","01/02/2025","studio,component",Yes
"Implement MintNFTsModal component","Build batch NFT creation with metadata and traits","","12/30/2024","01/05/2025","studio,component",Yes
"Implement NFTCreator component","Build single NFT creation form with image upload","","01/02/2025","01/07/2025","studio,component",Yes
"Implement StudioCollectionPage component","Build comprehensive collection management interface","","01/05/2025","01/11/2025","studio,component",Yes
"Implement SettingsTab component","Build studio settings with preferences and API keys","","01/08/2025","01/12/2025","studio,component",Yes
"Implement TabNavigation component","Build tab navigation for studio sections","","01/10/2025","01/13/2025","studio,component",Yes
"Build trait management system","Create interface for defining collection traits and rarity","","01/12/2025","01/17/2025","studio,feature",Yes
"Build claim phase configuration","Create interface for setting up collection claim phases","","01/15/2025","01/20/2025","studio,feature",Yes
"Build bulk upload system","Implement CSV import for batch NFT creation","","01/18/2025","01/24/2025","studio,feature",Yes
"Implement studio guard authentication","Create access control for studio routes","","01/21/2025","01/24/2025","studio,security",Yes
"Implement creator application form","Build application flow for new creators","","01/23/2025","01/27/2025","studio,component",Yes
"Create POST /api/studio/projects","Build project creation endpoint","","01/25/2025","01/28/2025","studio,api",Yes
"Create GET/POST /api/studio/collections","Build collection CRUD endpoints","","01/27/2025","01/31/2025","studio,api",Yes
"Create GET/PATCH /api/studio/collections/[id]","Build individual collection endpoints","","01/29/2025","02/01/2025","studio,api",Yes
"Create POST /api/studio/collections/[id]/claim-phases","Build claim phase configuration endpoint","","01/31/2025","02/03/2025","studio,api",Yes
"Create GET /api/studio/collections/traits","Build trait listing endpoint","","02/02/2025","02/04/2025","studio,api",Yes
"Create GET/POST /api/studio/nfts","Build NFT management endpoints","","02/04/2025","02/07/2025","studio,api",Yes
"Phase 10: Gaming & Tournament System (Elympics):","","","","","",""
"Design gaming architecture","Plan Elympics integration, tournament brackets, match flow","","12/01/2025","12/06/2025","gaming,architecture",No
"Create elympics.ts integration library","Build Elympics API integration for queue matching and results","","12/04/2025","12/10/2025","gaming,library",No
"Create tournament.ts utility library","Build tournament management with bracket generation","","12/08/2025","12/13/2025","gaming,library",No
"Build /app/play hub page","Create main gaming hub with game categories","","12/11/2025","12/15/2025","gaming,page",No
"Build /app/play/casual page","Create casual games browser","","12/13/2025","12/17/2025","gaming,page",No
"Build /app/play/competitive page","Create ranked games interface","","12/15/2025","12/19/2025","gaming,page",No
"Build /app/play/1v1 page","Create head-to-head match interface","","12/17/2025","12/21/2025","gaming,page",No
"Build /app/play/casino page","Create casino games interface","","12/19/2025","12/23/2025","gaming,page",No
"Implement CasualGamingLayout component","Build casual games layout with game cards","","12/21/2025","12/27/2025","gaming,component",No
"Implement CompetitiveGamingLayout component","Build ranked games layout with ELO display","","12/24/2025","12/30/2025","gaming,component",No
"Implement 1v1GamingLayout component","Build head-to-head layout with matchmaking","","12/28/2025","01/03/2026","gaming,component",No
"Implement CasinoGamingLayout component","Build casino layout with game grid","","12/31/2025","01/06/2026","gaming,component",No
"Implement GameCommandCenter component","Build game controls and status display","","01/03/2026","01/08/2026","gaming,component",No
"Build tournament creation flow","Create interface for setting up tournaments with entry fees","","01/06/2026","01/12/2026","gaming,feature",No
"Build bracket management system","Implement single/double elimination and round-robin brackets","","01/09/2026","01/15/2026","gaming,feature",No
"Build match scheduling system","Create match scheduling with participant tracking","","01/12/2026","01/18/2026","gaming,feature",No
"Build ELO rating system","Implement player rating calculations and rankings","","01/15/2026","01/21/2026","gaming,feature",No
"Create GET/POST /api/gaming/tournaments","Build tournament CRUD endpoints","","01/18/2026","01/23/2026","gaming,api",No
"Create GET/PATCH /api/gaming/tournaments/[id]","Build individual tournament endpoints","","01/21/2026","01/26/2026","gaming,api",No
"Create GET /api/gaming/leaderboard","Build leaderboard endpoint with rankings","","01/24/2026","01/28/2026","gaming,api",No
"Create POST /api/gaming/matches","Build match creation endpoint","","01/27/2026","01/31/2026","gaming,api",No
"Implement Elympics webhook handler","Build handler for match results and completion events","","01/29/2026","02/04/2026","gaming,api",No
"Phase 11: Museum Experience:","","","","","",""
"Design Museum architecture","Plan legend structure, chapter system, achievement progression","","04/02/2025","04/07/2025","museum,architecture",Yes
"Create museum-contracts.ts library","Build NFT integration for chapter ownership","","04/05/2025","04/10/2025","museum,library",Yes
"Implement MuseumContext provider","Create context for museum progress and state","","04/08/2025","04/12/2025","museum,context",Yes
"Create museum seed data and legends","Build initial legend content (stories, chapters, quotes)","","04/10/2025","04/16/2025","museum,content",Yes
"Build /app/museum landing page","Create museum lobby with legend gallery","","04/14/2025","04/19/2025","museum,page",Yes
"Build /app/museum/[legendId] page","Create individual legend experience","","04/17/2025","04/23/2025","museum,page",Yes
"Implement LegendHero component","Build hero section with video background and legend intro","","04/20/2025","04/25/2025","museum,component",Yes
"Implement LegendExperience component","Build main legend viewer orchestrating all sections","","04/23/2025","04/29/2025","museum,component",Yes
"Implement StorySection component","Build narrative story display with animations","","04/26/2025","04/30/2025","museum,component",Yes
"Implement ChapterSection component","Build chapter browser with NFT integration","","04/28/2025","05/03/2025","museum,component",Yes
"Implement TimelineSection component","Build interactive timeline with historical events","","05/01/2025","05/06/2025","museum,component",Yes
"Implement quiz system for timeline","Build quiz functionality with scoring and rewards","","05/04/2025","05/09/2025","museum,feature",Yes
"Implement ArtifactsPreview component","Build unlockable artifacts gallery","","05/07/2025","05/11/2025","museum,component",Yes
"Implement QuotesSection component","Build historical quotes display with context","","05/09/2025","05/13/2025","museum,component",Yes
"Build achievement system","Create achievement definitions and unlock logic","","05/11/2025","05/16/2025","museum,feature",Yes
"Build curator points system","Implement points for chapter collection and quiz completion","","05/14/2025","05/18/2025","museum,feature",Yes
"Build progress tracking","Create user progress persistence and display","","05/16/2025","05/20/2025","museum,feature",Yes
"Create museum animations CSS","Build cinematic animations for museum experience","","05/18/2025","05/22/2025","museum,styling",Yes
"Create GET /api/museum/legends","Build legends listing endpoint","","05/20/2025","05/23/2025","museum,api",Yes
"Create GET /api/museum/legends/[id]","Build individual legend endpoint with full content","","05/22/2025","05/25/2025","museum,api",Yes
"Create GET /api/museum/progress","Build user progress endpoint","","05/24/2025","05/27/2025","museum,api",Yes
"Create POST /api/museum/quiz-complete","Build quiz completion endpoint with rewards","","05/26/2025","05/29/2025","museum,api",Yes
"Phase 12: Hype Network Affiliate System:","","","","","",""
"Design Hype Network architecture","Plan agent progression, campaign system, commission structure","","05/29/2025","06/03/2025","hype-network,architecture",Yes
"Implement HypeNetworkContext provider","Create context for affiliate state management","","06/01/2025","06/05/2025","hype-network,context",Yes
"Create Hype Network utility libraries","Build libraries in /lib/hype-network/ for affiliate operations","","06/03/2025","06/09/2025","hype-network,library",Yes
"Design rank tier system","Define ranks from Rookie to Mythic with XP thresholds and perks","","06/06/2025","06/10/2025","hype-network,design",Yes
"Implement XP earning system","Build XP tracking from referrals, sales, and achievements","","06/08/2025","06/13/2025","hype-network,feature",Yes
"Implement rank calculation","Create rank tier calculation with multipliers","","06/11/2025","06/15/2025","hype-network,feature",Yes
"Implement commission system","Build basis points calculation with rank multipliers","","06/13/2025","06/18/2025","hype-network,feature",Yes
"Build affiliate link generation","Create unique tracking links with codes","","06/16/2025","06/20/2025","hype-network,feature",Yes
"Build click tracking system","Implement click event capture and analytics","","06/18/2025","06/22/2025","hype-network,feature",Yes
"Build conversion tracking","Track successful referrals and attribution","","06/20/2025","06/25/2025","hype-network,feature",Yes
"Build campaign creation for creators","Enable creators to set up affiliate campaigns","","06/23/2025","06/28/2025","hype-network,feature",Yes
"Build challenge system","Create time-limited competitions with prize pools","","06/26/2025","07/02/2025","hype-network,feature",Yes
"Implement achievement system","Build agent achievements for milestones","","06/29/2025","07/04/2025","hype-network,feature",Yes
"Build leaderboard system","Create daily/weekly/monthly/all-time rankings","","07/02/2025","07/07/2025","hype-network,feature",Yes
"Build payout management","Implement commission payout tracking and processing","","07/05/2025","07/10/2025","hype-network,feature",Yes
"Create GET /api/hype-network/agent","Build agent profile endpoint","","07/08/2025","07/11/2025","hype-network,api",Yes
"Create POST /api/hype-network/campaigns","Build campaign creation endpoint","","07/10/2025","07/14/2025","hype-network,api",Yes
"Create GET /api/hype-network/links","Build affiliate links endpoint","","07/12/2025","07/15/2025","hype-network,api",Yes
"Create POST /api/hype-network/track-click","Build click tracking endpoint","","07/14/2025","07/17/2025","hype-network,api",Yes
"Create GET /api/hype-network/leaderboard","Build leaderboard endpoint","","07/16/2025","07/19/2025","hype-network,api",Yes
"Create GET /api/hype-network/challenges","Build challenges listing endpoint","","07/18/2025","07/21/2025","hype-network,api",Yes
"Phase 13: Search & Discovery System:","","","","","",""
"Implement full-text search indexing","Create SearchIndex model population for collections, NFTs, users","","07/21/2025","07/26/2025","search,feature",Yes
"Build search results ranking","Implement relevance scoring and popularity weighting","","07/24/2025","07/28/2025","search,feature",Yes
"Build auto-suggestions system","Create real-time search suggestions based on history and trending","","07/26/2025","07/30/2025","search,feature",Yes
"Build recent searches tracking","Implement per-user search history persistence","","07/28/2025","07/31/2025","search,feature",Yes
"Build /app/search page","Create dedicated search results page with filters","","07/30/2025","08/04/2025","search,page",Yes
"Implement SearchResults component","Build search results display with category tabs","","08/02/2025","08/06/2025","search,component",Yes
"Implement HeroSearchBar component","Build prominent search bar for homepage","","08/04/2025","08/08/2025","search,component",Yes
"Implement SearchSuggestions component","Build auto-complete dropdown with suggestions","","08/06/2025","08/10/2025","search,component",Yes
"Create GET /api/search","Build main search endpoint with pagination","","08/08/2025","08/12/2025","search,api",Yes
"Create GET /api/search/suggestions","Build suggestions endpoint for autocomplete","","08/10/2025","08/13/2025","search,api",Yes
"Create GET /api/search/recent","Build recent searches endpoint","","08/12/2025","08/15/2025","search,api",Yes
"Phase 14: User Profile & Social:","","","","","",""
"Build /app/profile/[address] page","Create public user profile with tabs","","08/15/2025","08/20/2025","profile,page",Yes
"Build /app/profile page","Create personal dashboard profile view","","08/18/2025","08/22/2025","profile,page",Yes
"Build /app/profile/settings page","Create account settings page","","08/20/2025","08/24/2025","profile,page",Yes
"Build /app/profile/achievements page","Create achievements display page","","08/22/2025","08/26/2025","profile,page",Yes
"Build /app/profile/collection page","Create NFT collection view","","08/24/2025","08/28/2025","profile,page",Yes
"Build /app/profile/stats page","Create gaming and platform statistics page","","08/26/2025","08/30/2025","profile,page",Yes
"Implement ProfileEditModal component","Build profile editing with image upload","","08/28/2025","09/02/2025","profile,component",Yes
"Implement ProfileNFTGrid component","Build NFT inventory display with filters","","08/31/2025","09/05/2025","profile,component",Yes
"Implement ProfileTabs component","Build tab navigation for profile sections","","09/03/2025","09/06/2025","profile,component",Yes
"Implement ListForSaleDialog component","Build NFT listing modal from profile","","09/05/2025","09/09/2025","profile,component",Yes
"Implement CreateAuctionDialog component","Build auction creation from profile","","09/07/2025","09/11/2025","profile,component",Yes
"Implement CancelListingDialog component","Build listing cancellation modal","","09/09/2025","09/12/2025","profile,component",Yes
"Implement bulk actions (list, transfer, cancel)","Build bulk operations for multiple NFTs","","09/11/2025","09/17/2025","profile,feature",Yes
"Build follow/unfollow system","Implement social connections with follower tracking","","09/14/2025","09/18/2025","profile,feature",Yes
"Build activity history","Create user activity feed with filters","","09/16/2025","09/20/2025","profile,feature",Yes
"Create GET/PATCH /api/user/[address]","Build user profile endpoints","","09/18/2025","09/22/2025","profile,api",Yes
"Create POST /api/user/profile","Build profile update endpoint","","09/20/2025","09/23/2025","profile,api",Yes
"Create GET /api/user/[address]/nfts","Build user NFTs endpoint","","09/22/2025","09/25/2025","profile,api",Yes
"Create GET /api/user/[address]/activity","Build user activity endpoint","","09/24/2025","09/27/2025","profile,api",Yes
"Create GET/POST /api/user/[address]/follow","Build follow/unfollow endpoint","","09/26/2025","09/29/2025","profile,api",Yes
"Create GET /api/user/[address]/followers","Build followers listing endpoint","","09/28/2025","10/01/2025","profile,api",Yes
"Create GET /api/user/[address]/following","Build following listing endpoint","","09/30/2025","10/03/2025","profile,api",Yes
"Create GET /api/user/check-username","Build username availability endpoint","","10/02/2025","10/04/2025","profile,api",Yes
"Create POST /api/user/apply-creator","Build creator application endpoint","","10/04/2025","10/07/2025","profile,api",Yes
"Phase 15: Activity & Notifications:","","","","","",""
"Design notification architecture","Plan notification types, delivery, preferences","","10/07/2025","10/11/2025","notifications,architecture",Yes
"Create activity-broadcaster.ts","Build real-time activity broadcasting system","","10/09/2025","10/14/2025","notifications,library",Yes
"Create notification-broadcaster.ts","Build notification delivery system","","10/12/2025","10/16/2025","notifications,library",Yes
"Implement useNotifications hook","Create hook for notification management","","10/14/2025","10/18/2025","notifications,hook",Yes
"Implement useGlobalActivityStream hook","Create hook for global activity feed","","10/16/2025","10/20/2025","notifications,hook",Yes
"Build notification preferences UI","Create settings for notification types and quiet hours","","10/18/2025","10/23/2025","notifications,ui",Yes
"Build control center for notifications","Create actionable notification panel","","10/21/2025","10/26/2025","notifications,component",Yes
"Implement sound notifications","Add audio cues for important events","","10/24/2025","10/27/2025","notifications,feature",Yes
"Create GET /api/notifications","Build notifications listing endpoint","","10/26/2025","10/29/2025","notifications,api",Yes
"Create PATCH /api/notifications/[id]","Build notification update endpoint","","10/28/2025","10/31/2025","notifications,api",Yes
"Create POST /api/notifications/preferences","Build preferences update endpoint","","10/30/2025","11/02/2025","notifications,api",Yes
"Create GET /api/activity","Build activity feed endpoint","","11/01/2025","11/04/2025","notifications,api",Yes
"Phase 16: Lists & Watchlists:","","","","","",""
"Build /app/lists page","Create lists management page","","11/04/2025","11/08/2025","lists,page",Yes
"Implement AddToListModal component","Build modal for adding items to lists","","11/06/2025","11/10/2025","lists,component",Yes
"Build list creation flow","Create interface for new list creation","","11/08/2025","11/12/2025","lists,feature",Yes
"Build watchlist functionality","Implement quick-add to watchlist","","11/10/2025","11/14/2025","lists,feature",Yes
"Create GET/POST /api/lists","Build list CRUD endpoints","","11/12/2025","11/16/2025","lists,api",Yes
"Create GET /api/lists/items","Build list items endpoint","","11/14/2025","11/17/2025","lists,api",Yes
"Create GET /api/lists/check","Build list membership check endpoint","","11/16/2025","11/19/2025","lists,api",Yes
"Create GET /api/lists/watchlist","Build watchlist quick-access endpoint","","11/18/2025","11/21/2025","lists,api",Yes
"Phase 17: Admin System:","","","","","",""
"Build /app/admin dashboard","Create admin overview page","","11/21/2025","11/26/2025","admin,page",Yes
"Build /app/admin/creator-applications page","Create application review interface","","11/24/2025","11/29/2025","admin,page",Yes
"Build creator application review workflow","Implement approval/rejection with notifications","","11/27/2025","12/02/2025","admin,feature",Yes
"Build collection verification system","Create verified badge management","","11/30/2025","12/04/2025","admin,feature",Yes
"Build sync utilities","Create admin tools for syncing listings, NFTs, tokens","","12/02/2025","12/07/2025","admin,feature",Yes
"Create GET /api/admin/creator-applications","Build applications listing endpoint","","12/05/2025","12/08/2025","admin,api",Yes
"Create PATCH /api/admin/creator-applications/[id]","Build application review endpoint","","12/07/2025","12/10/2025","admin,api",Yes
"Create POST /api/admin/sync-listings","Build listing sync endpoint","","12/09/2025","12/12/2025","admin,api",Yes
"Create POST /api/admin/sync-nfts","Build NFT sync endpoint","","12/11/2025","12/14/2025","admin,api",Yes
"Create POST /api/admin/sync-token-ids","Build token ID sync endpoint","","12/13/2025","12/16/2025","admin,api",Yes
"Phase 18: Homepage & Marketing:","","","","","",""
"Build TraditionalHomepage component","Create unauthenticated landing experience","","12/16/2025","12/22/2025","homepage,component",Yes
"Build AuthenticatedHomescreen component","Create authenticated dashboard","","12/19/2025","12/26/2025","homepage,component",Yes
"Implement HeroCarousel component","Build featured collections carousel","","12/23/2025","12/28/2025","homepage,component",Yes
"Implement HomepageFooter component","Build landing page footer","","12/26/2025","12/29/2025","homepage,component",Yes
"Implement AnimatedCounter component","Build animated number displays","","12/28/2025","12/31/2025","homepage,component",Yes
"Implement HomepageCards component","Build feature highlight cards","","12/30/2025","01/03/2026","homepage,component",Yes
"Build view components for each section","Create Home, Marketplace, Trade, P2P, Studio views","","01/02/2026","01/09/2026","homepage,component",Yes
"Create GET /api/homepage/stats","Build platform statistics endpoint","","01/07/2026","01/10/2026","homepage,api",Yes
"Create GET /api/homepage/activity","Build recent activity endpoint","","01/09/2026","01/12/2026","homepage,api",Yes
"Create GET /api/homepage/sparklines","Build sparkline data endpoint","","01/11/2026","01/14/2026","homepage,api",Yes
"Create GET /api/homepage/top-collections","Build top collections endpoint","","01/13/2026","01/16/2026","homepage,api",Yes
"Phase 19: Analytics System:","","","","","",""
"Create analytics.ts utility library","Build analytics calculation functions","","01/16/2026","01/21/2026","analytics,library",Yes
"Build price history tracking","Implement historical price snapshots","","01/19/2026","01/24/2026","analytics,feature",Yes
"Build volume calculations","Implement 24h/7d/30d volume metrics","","01/22/2026","01/26/2026","analytics,feature",Yes
"Build rarity scoring system","Implement statistical rarity calculations","","01/24/2026","01/29/2026","analytics,feature",Yes
"Implement charts components","Build price and volume charts","","01/27/2026","02/02/2026","analytics,component",Yes
"Create GET /api/analytics","Build main analytics endpoint","","01/30/2026","02/03/2026","analytics,api",Yes
"Create GET /api/analytics/price-history","Build price history endpoint","","02/02/2026","02/05/2026","analytics,api",Yes
"Phase 20: Transaction UI:","","","","","",""
"Implement TransactionContext provider","Create context for transaction state management","","02/05/2026","02/09/2026","transaction,context",Yes
"Build FloatingTransactionPill component","Create persistent transaction status indicator","","02/07/2026","02/12/2026","transaction,component",Yes
"Build NftTransactionDrawer component","Create transaction details drawer","","02/10/2026","02/15/2026","transaction,component",Yes
"Build NftTransactionPanel component","Create inline transaction panel","","02/13/2026","02/17/2026","transaction,component",Yes
"Implement transaction state machine","Build pending/confirming/success/error states","","02/15/2026","02/20/2026","transaction,feature",Yes
"Add transaction history tracking","Store completed transactions in database","","02/18/2026","02/22/2026","transaction,feature",Yes
"Phase 21: Drops System:","","","","","",""
"Design drops architecture","Plan time-limited releases, claim phases, allowlists","","02/22/2026","02/26/2026","drops,architecture",Yes
"Build drops-view component","Create drops section for authenticated homepage","","02/24/2026","03/01/2026","drops,component",Yes
"Build DropsProjectDetail component","Create individual drop page experience","","02/27/2026","03/05/2026","drops,component",Yes
"Build useDropsData hook","Create hook for drops data fetching","","03/03/2026","03/07/2026","drops,hook",Yes
"Implement countdown timers","Build drop countdown with live updates","","03/05/2026","03/09/2026","drops,feature",Yes
"Implement claim phase management","Build phase configuration and enforcement","","03/07/2026","03/12/2026","drops,feature",Yes
"Create GET /api/drops","Build drops listing endpoint","","03/10/2026","03/13/2026","drops,api",Yes
"Create GET /api/drops/[id]","Build individual drop endpoint","","03/12/2026","03/15/2026","drops,api",Yes
"Phase 22: Cron Jobs & Background Tasks:","","","","","",""
"Set up cron job infrastructure","Configure Vercel cron or external scheduler","","03/15/2026","03/19/2026","infrastructure,cron",Yes
"Build price snapshot cron","Schedule regular price history captures","","03/17/2026","03/21/2026","cron,feature",Yes
"Build listing sync cron","Schedule marketplace listing synchronization","","03/19/2026","03/23/2026","cron,feature",Yes
"Build leaderboard update cron","Schedule leaderboard recalculations","","03/21/2026","03/25/2026","cron,feature",Yes
"Build notification cleanup cron","Schedule old notification cleanup","","03/23/2026","03/26/2026","cron,feature",Yes
"Phase 23: Webhooks & Integrations:","","","","","",""
"Build webhook infrastructure","Create secure webhook handling with signatures","","03/26/2026","03/31/2026","webhooks,infrastructure",Yes
"Implement blockchain event webhooks","Handle on-chain events for listings, transfers, etc.","","03/29/2026","04/03/2026","webhooks,blockchain",Yes
"Implement Chainlink VRF webhook","Handle VRF fulfillment callbacks","","04/01/2026","04/05/2026","webhooks,blockchain",Yes
"Implement Elympics webhooks","Handle match completion and results","","04/03/2026","04/07/2026","webhooks,gaming",Yes
"Implement Supabase Realtime","Set up real-time subscriptions for activity feeds","","04/05/2026","04/10/2026","webhooks,realtime",Yes
"Phase 24: Error Handling & Resilience:","","","","","",""
"Create errors.ts utility","Build standardized error types and handling","","04/10/2026","04/14/2026","errors,library",Yes
"Create result.ts utility","Implement Result type pattern for explicit error handling","","04/12/2026","04/16/2026","errors,library",Yes
"Build ErrorBoundary component","Create React error boundary with recovery","","04/14/2026","04/18/2026","errors,component",Yes
"Build global-error.tsx","Create Next.js global error page","","04/16/2026","04/19/2026","errors,page",Yes
"Implement retry logic for blockchain calls","Add exponential backoff for failed transactions","","04/18/2026","04/23/2026","errors,feature",Yes
"Phase 25: Testing & Quality Assurance:","","","","","",""
"Set up Vitest configuration","Configure Vitest for unit and integration testing","","04/23/2026","04/27/2026","testing,setup",Yes
"Write unit tests for utility libraries","Test marketplace.ts, lootbox-contracts.ts, etc.","","04/25/2026","05/02/2026","testing,unit",Yes
"Write integration tests for API routes","Test critical API endpoints","","04/29/2026","05/06/2026","testing,integration",Yes
"Write contract tests with Foundry","Test LootboxVRF with unit, fuzz, and invariant tests","","05/03/2026","05/10/2026","testing,contracts",Yes
"Perform accessibility audit","Review components for WCAG compliance","","05/08/2026","05/13/2026","testing,accessibility",Yes
"FUTURE - Phase 26: Avatar Identity Layer:","","","","","",""
"Research Ready Player Me integration","Evaluate RPM SDK, avatar customization options, animation support","","06/01/2026","06/08/2026","avatar,research",No
"Design avatar state architecture","Plan how avatar appearance syncs with owned NFT wearables","","06/06/2026","06/12/2026","avatar,architecture",No
"Integrate Ready Player Me SDK","Install and configure RPM for web-based avatar rendering","","06/10/2026","06/18/2026","avatar,integration",No
"Build avatar on homepage","Render user's avatar as central element on authenticated home screen","","06/15/2026","06/24/2026","avatar,frontend",No
"Implement idle animations","Add breathing, weight shifting, subtle head motion to standing avatar","","06/20/2026","06/27/2026","avatar,animation",No
"Build avatar customization interface","Create UI for avatar body type, face, hair customization","","06/24/2026","07/03/2026","avatar,ui",No
"Implement scene transitions","Build fade-to-black and dissolve transitions around avatar","","06/30/2026","07/07/2026","avatar,animation",No
"Create avatar context provider","Build React context for avatar state management","","07/03/2026","07/08/2026","avatar,context",No
"Build avatar persistence","Store avatar configuration in user profile database","","07/06/2026","07/11/2026","avatar,database",No
"FUTURE - Phase 27: NFT Wearables System:","","","","","",""
"Design wearable NFT standard","Define schema for slot, skeleton compatibility, mesh references, fallbacks","","07/11/2026","07/18/2026","wearables,design",No
"Implement wearable slot system","Create slots: head, torso, jacket, legs, feet, accessories","","07/15/2026","07/22/2026","wearables,backend",No
"Build wearable descriptor format","Structure NFT metadata with type, slot, compatible_skeletons, game support","","07/19/2026","07/25/2026","wearables,metadata",No
"Create wearable equip/unequip system","Build UI and logic for managing equipped wearables","","07/23/2026","07/31/2026","wearables,feature",No
"Implement real-time avatar updates","Update avatar appearance live when wearables change","","07/28/2026","08/04/2026","wearables,realtime",No
"Build wearable marketplace category","Add wearables as distinct category in marketplace","","08/01/2026","08/08/2026","wearables,marketplace",No
"Implement rarity visual indicators","Show rarity tiers on wearable items (Common to Legendary)","","08/05/2026","08/11/2026","wearables,ui",No
"Build wearable preview system","Preview wearables on avatar before purchase/equip","","08/08/2026","08/16/2026","wearables,feature",No
"Create wearable collection management","Build wardrobe interface for owned wearables","","08/13/2026","08/20/2026","wearables,ui",No
"FUTURE - Phase 28: AI Companion System:","","","","","",""
"Design AI companion architecture","Plan LLM integration, platform awareness, action triggers","","08/20/2026","08/28/2026","ai-companion,architecture",No
"Select and integrate LLM provider","Evaluate and integrate Claude/GPT for companion AI","","08/25/2026","09/02/2026","ai-companion,integration",No
"Build platform-aware prompt system","Create system prompts with user wallet, NFTs, achievements context","","08/30/2026","09/08/2026","ai-companion,backend",No
"Implement text-based AI chat","Build chat interface for text input/output with avatar","","09/04/2026","09/12/2026","ai-companion,chat",No
"Build AI action command system","Enable AI to emit UI commands (OPEN_COLLECTION, LOAD_GAME, etc.)","","09/09/2026","09/17/2026","ai-companion,actions",No
"Connect AI to platform analytics","Allow AI to query trending collections, user history","","09/14/2026","09/22/2026","ai-companion,analytics",No
"Implement voice input (speech-to-text)","Add voice recognition for speaking to companion","","09/19/2026","09/28/2026","ai-companion,voice",No
"Implement voice output (text-to-speech)","Add AI voice responses with avatar lip sync","","09/25/2026","10/05/2026","ai-companion,voice",No
"Build conversation memory system","Implement context retention across sessions","","10/01/2026","10/09/2026","ai-companion,memory",No
"Create AI personality customization","Allow users to adjust companion tone and personality","","10/06/2026","10/14/2026","ai-companion,customization",No
"FUTURE - Phase 29: Cross-Game Compatibility:","","","","","",""
"Design game integration rules system","Plan allowed slots, blocked tags, supported meshes per game","","10/14/2026","10/22/2026","crossgame,architecture",No
"Create game compatibility JSON schema","Define structure for game-specific asset rules","","10/19/2026","10/26/2026","crossgame,schema",No
"Build wearable filtering engine","Implement logic to check NFTs against game rules","","10/23/2026","10/31/2026","crossgame,backend",No
"Implement fallback system","Apply replacement assets when original blocked by game","","10/28/2026","11/05/2026","crossgame,feature",No
"Build game registration API","Create endpoints for games to register their rules","","11/02/2026","11/10/2026","crossgame,api",No
"Create compatibility preview","Show users which items work in which games","","11/07/2026","11/15/2026","crossgame,ui",No
"Build game launch integration","Implement avatar loading into partner games","","11/12/2026","11/22/2026","crossgame,integration",No
"Implement cross-game achievement sync","Track achievements across multiple games","","11/18/2026","11/27/2026","crossgame,feature",No
"Create game-specific avatar transformations","Apply visual adjustments per game aesthetic","","11/24/2026","12/03/2026","crossgame,feature",No
"FUTURE - Phase 30: Crossover Events & Exclusive Drops:","","","","","",""
"Design crossover event architecture","Plan multi-game exclusive drops with time limits","","12/03/2026","12/11/2026","crossover,architecture",No
"Build event management system","Create admin tools for configuring crossover events","","12/08/2026","12/17/2026","crossover,admin",No
"Implement multi-game wearable NFTs","Create NFTs with supported_games array spanning multiple games","","12/14/2026","12/23/2026","crossover,nft",No
"Build event landing pages","Create dedicated pages for crossover event marketing","","12/19/2026","12/28/2026","crossover,marketing",No
"Implement unlock conditions","Build quest-based unlocks spanning multiple games","","12/24/2026","01/03/2027","crossover,feature",No
"Create social sharing for crossover items","Build share cards showing exclusive crossover wearables","","12/30/2026","01/07/2027","crossover,social",No
"Build partnership onboarding flow","Create self-service for game studios to join crossovers","","01/04/2027","01/14/2027","crossover,partnerships",No
"FUTURE - Phase 31: Platform Hub Features:","","","","","",""
"Build game discovery system","Create browse interface for compatible games","","01/14/2027","01/23/2027","hub,discovery",No
"Implement game ratings and reviews","Allow users to rate and review games","","01/20/2027","01/28/2027","hub,social",No
"Build friends and social graph","Expand follow system for gaming friends","","01/25/2027","02/03/2027","hub,social",No
"Implement party system","Create groups for playing games together","","01/31/2027","02/10/2027","hub,multiplayer",No
"Build activity feed across games","Show friends' gaming activity and achievements","","02/06/2027","02/15/2027","hub,social",No
"Create game statistics dashboard","Show per-game stats and progress","","02/12/2027","02/20/2027","hub,analytics",No
"Implement achievement badges","Visual badges for cross-platform achievements","","02/17/2027","02/25/2027","hub,gamification",No
"Build seasonal events calendar","Create calendar for upcoming events and drops","","02/22/2027","03/02/2027","hub,events",No
"FUTURE - Phase 32: Developer SDK & Documentation:","","","","","",""
"Design developer SDK architecture","Plan SDK for game studios to integrate avatar system","","03/02/2027","03/11/2027","sdk,architecture",No
"Build Unity SDK package","Create Unity package for avatar loading","","03/08/2027","03/20/2027","sdk,unity",No
"Build Unreal SDK plugin","Create Unreal Engine plugin for avatar loading","","03/16/2027","03/28/2027","sdk,unreal",No
"Build Web SDK (Three.js/Babylon)","Create JavaScript SDK for web-based games","","03/24/2027","04/04/2027","sdk,web",No
"Write SDK documentation","Create comprehensive guides for all SDKs","","04/01/2027","04/12/2027","sdk,docs",No
"Build developer portal","Create self-service portal for game studios","","04/08/2027","04/19/2027","sdk,portal",No
"Create sample integration projects","Build example projects for each engine","","04/15/2027","04/25/2027","sdk,examples",No
"Implement SDK analytics","Track SDK usage and integration health","","04/22/2027","04/30/2027","sdk,analytics",No
"FUTURE - Phase 33: Mobile App Development:","","","","","",""
"Research React Native for mobile","Evaluate RN for cross-platform mobile development","","04/30/2027","05/07/2027","mobile,research",No
"Design mobile app architecture","Plan mobile-specific features and native integrations","","05/04/2027","05/12/2027","mobile,architecture",No
"Build mobile authentication flow","Implement wallet connect and biometric auth for mobile","","05/09/2027","05/18/2027","mobile,auth",No
"Create mobile home screen with avatar","Port avatar experience to mobile with touch interactions","","05/15/2027","05/26/2027","mobile,avatar",No
"Build mobile marketplace browsing","Create mobile-optimized collection and NFT browsing","","05/22/2027","06/02/2027","mobile,marketplace",No
"Implement push notifications","Add push notifications for offers, trades, drops","","05/29/2027","06/07/2027","mobile,notifications",No
"Build mobile lootbox experience","Create touch-optimized lootbox opening animations","","06/04/2027","06/14/2027","mobile,lootbox",No
"Implement mobile AI companion","Port voice-enabled AI companion to mobile","","06/11/2027","06/22/2027","mobile,ai",No
"Submit to App Store and Play Store","Prepare and submit mobile apps for review","","06/18/2027","06/28/2027","mobile,release",No
